Store,Address,Phone
Baciccia,426 7th Ave,(718) 788-1000
Mike Daddy's Pizza,449 7th Ave,718-768-9700
Pizzas Plus,359 7th Ave,(718) 768-5327
Sotto Voce,225 7th Ave,(718) 369-9322
Numero 28,139 7th Ave,(718) 398-9198
Da Nonna Rosa,140 7th Ave,(718) 788-6225
Smiling Pizza,323 7th Ave,718-788-2137
Just Salad,252 7th Ave,866-673-3757
Camperdown Elm Cuisine,441 7th Ave,(347) 294-4786
Bare Burger,170 7th Ave,(718) 768-2273
Bar Basic,71 7th Ave,(347) 348-3046
Burger Village,222 7th Avenue,718-499-4165
DDT,847A Union St,(929) 260-4979
Mr. Wonton,73 7th Ave,718-398-7088
Jintana Thai Farmhouse,344 7th Ave,(718) 788-1922
Jai Dee,420 7th Ave,(718) 832-1544
Fonda,434 7th Ave,(718) 369 3144
Ten japanese Cuisine,440 7th Ave,(718) 768-4888
Casa Azul,492 11th St,(929) 337-6767
Rice Thai Kitchen,311 7th Ave,(718) 832-5169
Abide Brooklyn Pita,301 7th Aveb,(718) 832-7482
Istanbul,293 7th Ave,(718) 832-3400
Chipotle,185 7th Ave,(347) 725-4450
Spice,61A 7th Ave,(718) 622-6353
Bombay Kabab,52 7th Ave,(347) 889-7686
Szechuan Garden,463 7th Ave,(718) 788 - 0788
Cafe Steinhof,422 7th Avenue,(718) 369-7776
Szechuan Delight,152 7th Avenue,(718) 788-5408
Papi's Grill,161 7th Ave,(917) 909-0589
Joy Kitchen,497 7th Ave,(718) 965-2874
Pita Pan,167 7th Avenue,(718) 832-3876
Henry's Bubble Tea,433 7th Ave,(718) 788-8882
Mr. Wonton,73 7th Ave,(718) 398-7088
Bagel Delight,284 7th Ave,(718) 768-6107
Bagel Hole,398 7th Ave,(718) 788-4014
Cusp Crepe,321 7th Ave,(718) 788-2980
Java Joe's,418 8th St,(718) 369-6026
AMA Coffee,295 7th Ave,(646) 318-3378
Hungry  Ghost,156 7th Ave,(718) 483-8666
Connecticut Muffin,171 7th Ave,(718) 768-2022
Bagel Market,106 7th Ave,(718) 230-4700
Bagel Pub,57 7th Ave,718-499-4402
Prospect Wine,322 7th Ave,(718) 768-1232
Slope Cellars,436 7th Ave,(718) 369-7307
"Big Nose, Full Body Wine",389 7th Ave,(718) 369-4030
Amaro Wines,211 7th Ave,(347) 689-2660
Shawn's Liqour,141 7th Ave,(718) 622-7947
7th Ave Wine & Liquors,88 7th Ave,(718) 399-3300
Union Market,404 7th Ave,(718) 499-4026
7th Ave Gourmet,77 7th Ave,(718) 783-3806
Keyfood,130 7th Av,(718) 768-8317
Park Slope Farm/ Market,294 7th Ave,
Food Train Grocer,366 7th Ave,(718) 832-6916
Mr Lime,313 7th Ave,
396 Deli,396 7th Ave,(718) 788-9797
Optimo Cigar House,317 7th Ave,
The Avenue Deli,305 7th Ave,
Hipster Deli & Grocer,168 7th Ave,(718) 369-3354
7th Ave News,206 7th Ave,
Park Slope Newsstand,95 7th Ave,(718) 783-8100
Y & B Good Market,80 7th Ave,(718) 230-7553
Beauty House,407 7th Ave,(917) 820-2858
Greentree Pharmacy,291 7th Ave,(718) 768-2700
Modern Chemist/ Pure Essentials,189 7th Ave,(718) 369-4500
Neergard,120 7th Ave,(718) 857-1600
Rite Aid,249 7th Ave,(718) 768-9567
718 Cyclery,427 7th Ave,(347) 457-5760
7th Avenue Discount Goods,162 7th Ave,
Animal Kind Veterinarian Hospital,365 7th Ave,(718) 832-3899
Brooks Appliance & Repair,387 7th Ave,(718) 832-0055
Chase,129 7th Ave,(718) 783-1822
Fferins Candy,438 7th Ave,(718) 788-5788
Leroy's Place,353 7th Ave,(718) 369-4200
Music Matters Records,413 B 7th Ave,(718) 369-7087
Park Slope Copy Center,123 7th Ave,(718) 783-0286
Smart Phone Repair,138 7th Ave,(917) 909-0901
UPS,320 7th Ave,(718) 499-0464
US Post Office,198 7th Ave,(888) 275-8777
Toy Space,426 7th Ave,(718) 369-9096
Powerhouse Books,1111 8th Ave,(718) 801-8375
Sterling Place,352 7th Ave,(718) 499-4800
Cohen Fashion Optical,298 7th Avenue,(718) 768-3939
Cohen Fashion Optical,298 7th Avenue,(718) 768-3939
The Bad Wife,378 7th Ave,(718) 499-7513
Cousin John's Bakery,70 7th Avenue,718-622-7333
BKLYN Cake Studio,427 7th Ave,(718) 576-3986
Food U Desire,423 7th Ave,(718) 965-1249
Russos Italian Market,363 7th Ave,(718) 369-2874
Park Slope Sea Food,217 7th Ave,(718) 832-7638
Un Posto Italiano Market & Café,206 Garfield Pl,(718) 838-9500
D'Vine Taste,150 7th Ave,(718) 369-0548
Hiller and Moon,814 Union Street,(718) 230-5150
Otto Woman's Boutique,354 7th Ave,(718) 788-6627
fig.,121 7th Ave,(718) 622 5550 
Kiwi,119 7th Ave,(718) 622-5551
Blok Hill,103 7th Ave,(718) 783-0789
NYC Pet,385 7th Ave,(718)768-3958
Tarzian Hardware,193 7th Ave,(718) 788-4120
Unleashed,81 7th Ave,(718) 230-5059
7th Avenue Laundromat,491 7th Ave,(718) 499-1183      
Park Slope Cleaners & Cobblers,309 7th Ave,(718) 499-3640
Wash & Dry Laundromat,173 7th Ave,
Carroll Cleaners,149 7th Ave,(718) 857-4141
GR Cleaners,179 Berkeley Pl,(718) 638-2699
7th Ave Donuts,324 7th Ave,(718) 768-0748
Little Purity Diner,390 7th Ave,(718) 369-1722
Purity Diner,289 7th Ave,(718) 840-0881
LivEly,398 7th Ave,(929) 282-3110
Juice press,207 7th Ave,Visit website
Mr Lime,313 7th Ave,
McMahon’s Public House,39 5th Ave.,(718) 230-4549
Original Hot Dog Factory Brooklyn,44 5th Ave.,
That Bar,47 5th Ave.,347 599-2220
Alchemy,56 5th Ave.,(718) 636-4385
Lizzie Kings Parlor,75A 5th Ave.,(347) 460-7514
Pure Bistro,88 5th Ave.,(718) 622-5314
Burger IM,119 5th Ave.,
Wild (gluten free),148 5th Ave.,(347) 987-4525
Burger Bistro,177 5th Ave.,
200 Fifth,200 5th Ave.,
The Commissioner,247 5th Ave.,(347) 689-3968
Brooklyn Burgers and Beer,259 5th Ave.,(718) 788-1458
Bonnie’s Grill,278 5th Ave.,(718) 369-9527
Blue Ribbon,280 5th Ave.,
Terrace Restaurant BK,280 5th Ave.,
Stone Park Cafe,324 5th Ave.,(718) 369-0082
Benchmark,339a 2nd St.,(718) 965-7040
Burger urway,337 7th Ave.,
Flatiron Restaurant,397 5th Ave.,
Fifth Ave Diner,432 5th Ave.,(718) 832-8131
McDonalds,289 9th St.,
The Dram Shop,339 9th St.,(929) 276-3452
Daisy’s Diner,452 5th Ave.,(718) 788-1438
South Slope Eatery and Juice Bar,486 5th Ave.,(718) 499-0005
Prospect Bar and Grill,545 5th Ave.,(347) 599-1087
Sidecar,560 5th Ave.,(718) 369-0077
Black Horse Pub,568 5th Ave.,(718) 788-1975
Royal Fried Chicken King,590 5th Ave.,(718) 965-0893
Energy Fuel Food,606A 5th Ave.,(718) 499-6999
Wasan Brooklyn,440 Bergen St.,(212) 777-1978
Brooklyn Rice Bowl,440 Bergen St,
Kiku Asian Fusion Bistro,2 Lincoln Place.,(718) 638-3366
5ive Spice Taco & Banh Mi,52 5th Ave.,(718) 857-3483
Sky Ice,63 5th Ave.,(718) 230-0910
Shinju Sushi iii,75 5th Ave.,(718) 638-0888
Momo Ramen,78 5th Ave.,(718) 622-4812
New China Tung,140 5th Ave.,(718) 638-5682
Bricolage,162 5th Ave.,(718) 230-1853
Mr Bao,179 5th Ave.,
Mee Thai Cusine,180 5th Ave.,(718) 230-8281
Sun Luck Kitchen,197 5th Ave.,(718) 789-4439
aji sushi,201 5th Ave.,(718) 622-2989
Lotus Vietnamese Sandwiches,229 5th Ave.,(718) 399-2899
The Haenyeo,239 5th Ave.,(347) 986-1311
Naruto Ramen,276 5th Ave.,(718) 832-1111
J-Pan Sushi,287 5th Ave.,(718) 788-2880
Song,295 5th Ave.,(718) 965-1108
Natto Asian Cuisine,296 5th Ave.,(718) 369-1021
Home S’ Vietnamese Sandwich,349 5th Ave.,(718) 369-2984
Mori,,
Mura,369 5th Ave.,(718) 965-1288
Mura Ramen and Poke,370 5th Ave.,
Dumplings and Things,375 5th Ave.,(718) 768-2200
Sushi Yashin,381 5th Ave.,(718) 788-6789
Authentic Szechuan,384 5th Ave.,(718) 788-2299
Luck Thai,386 5th Ave.,(718) 788-7889
C&Y Chinese,399 5th Ave.,(718) 768-1188
SkyIce on 9th,437 5th Ave.,(347) 889-5532
Empire Express Chinese Restaurant,319 9th St.,(718) 499-3578
Brooklyn Vape,53 5th Ave.,(718) 622-2597
Slope Natural Foods,61 5th Ave.,(718) 789-2370
DB Smoke Shop,65 5th Ave.,(718) 857-9599
Bagel Store,69 5th Ave.,
5th Ave Market,185 5th Ave.,(718) 230-8050
5th Ave Gourmet Delight,270 5th Ave.,(718) 965-8690
5th Ave Convenience,233 5th Ave,
Bagel World,339 5th Ave.,(718) 499-1143
Farm Shop Deli,357 5th Ave.,(718) 832-1121
KC Delicious Deli & Grill,402 5th Ave.,(718) 788-3207
Fifth Avenue Market & Deli,434 5th Ave.,(718) 788-8008
Fifth Avenue Deli & Smoke Shop,439 5th Ave.,(718) 788-7511
Bagel Pub,287 9th St.,(718) 499-4402
Cigar and Vape,452 5th Ave.,(718) 965-4887
Bagel House,461 5th Ave.,(718) 768-8300
Candy Grocery,475 5th Ave.,(718) 783-8100
5th Avenue Smoke Shop,500 5th Ave.,
513 Deli and Grill,513 5th Ave.,(718) 788-6155
7-Eleven,520 5th Ave.,(718) 499-0247
Bagels and Wraps,523 5th Ave.,(718) 768-1052
5th Ave Convenience Grocery,561 5th Ave,
Baba’s Deli,599 5th Ave.,(718) 788-7819
Bagel Factory,612 5th Ave.,(718) 768-0461
Subs n Stuff,624 5th Ave.,(917) 806-4726
North Pole Pub,428 Bergen St.,718 857-0049
Uncle Barry’s,58 5th Ave.,718 622-4980
Wolf & Deer,74 5th Ave.,(718) 398-3181
Beer Garage,148 5th Ave.,
Blueprint,196 5th Ave.,(718) 622-6644
High Dive Pub,243 5th Ave.,(718) 788-8070
Brooklyn Bavarian Biergarten,263 Prospect Ave,(718) 788-0777
Paddy’s of Park Slope,273 13th St.,(718) 499-7553
Loki Lounge,304 5th Ave (side door).,(718) 965-9600
The Gate,321 5th Ave.,(718) 768-4329
Ginger’s Bar,363 5th Ave.,(718) 788-0924
Logan's Run,373 5th Ave.,(917) 909-0453
Pinot's Palette,382 5th Ave.,
The Owl Farm,297 9th St.,(718) 499-4988
Smith’s Tavern,440 5th Ave.,(718) 788-5218
Skylark Bar,477 5th Ave.,347 227-8196
The Monro,481 5th Ave.,(718) 499-2005
Winemak'her Bar,492 5th Ave.,
Commonwealth Bar,497 5th Ave.,(718) 768-2040
Young Ethel's,506b5th Ave.,(929) 367-6469
Good Judy,563 5th Ave.,
Buttermilk Bar,577 5th Ave.,(718) 788-6297
Freddy’s Bar & Backroom,627 5th Ave.,718-768-0131
Southbar Brooklyn,629 5th Ave.,
The Chocolate Room,51 5th Ave.,
Blue Sky Bakery,53 5th Ave.,(718) 783-4123
Sweetwaters Coffee & Tea,55 5th Ave.,(845) 236-6103
Kung Fu Tea,76 5th Ave.,(347) 294-0232
City Subs,82 5th Ave.,(718) 636-1777
Mr Wish,86 5th Ave.,(917) 216-9689
Miss American Pie,86 5th Ave.,(718) 789-3747
Philly Pretzel Factory,131 5th Ave.,(917) 909-0345
Everyman Expresso,162 5th Ave.,
Bowl & Blade,169 5th Ave.,(718) 783-7700
Konditori,186 5th Ave.,
Julien Boulangerie,186 5th Ave,
Konditori,187 5th Ave.,(347) 384-2028
Al di La Cafe,607 Carroll St.,
Kos Kaffe,249 5th Ave.,718-768-6868
Buttermilk Bakeshop,260 5th Ave.,(347) 987-3491
Velvette Brew,279 5th Ave.,(718) 971 9131
Simple Loaf Bakehouse,310 5th Ave.,(347) 384-2205
Postmark Coffee Shop,326 6th St.,(718) 768-2613
Cafe Martin,355 5th Ave.,
Hemos Spot and Juice Bar,359 5th Ave.,
Du Jour Bakery,365 5th Ave.,
Pastry World Bakery,374 5th Ave.,
Flying Hippo Café,381 5th Ave.,
Crumbs and Coffee,423 5th Ave.,
Gong Cha,313 9th Street,
Sip n Play Boardgame Café,471 5th Ave.,(718) 971-1684
Café Regular,318A 11th St.,
Casita of BK,318A 11th St.,
Daily Dose Juice Bar,276B 12th St.,
Le French Tart,579 5th Ave.,(929) 276-3035
Woops! Bakery,620 5th Ave.,
Yardsale Cafe,620 5th Ave.,
Convivium Osteria,68 5th Ave.,(718) 857-1833
Medusa Greek Taverna,133 5th Ave.,(347) 599-0749
Simply Greek,242 5th Ave.,
Le Succulent,291 5th Ave.,(347) 227-8282
Matisse Brooklyn,315 5th Ave.,
Pitas and Sticks,321 9th St.,(718) 369-9800
Le Mistral,332 5th Ave.,(844) 841-9019
Culture. (An American Yogurt Company),331 5th Ave.,(718) 499-0207
L’Albero Dei Gelati,341 5th Ave.,(718) 788-2288
Uncle Louie G’s Italian Ices,402 5th Ave.,(718) 788-3207
Pearl Gate Frozen Yogurt,482 5th Ave.,
Uncle Louie G’s Italian Ices,741 Union St.,(718) 623-6668
Namaste,195 5th Ave.,(718) 857-1951
Tikka Indian Grill,396 5th Ave.,(347) 799 1614
,,
,,
Artichoke Pizza,59 5th Ave.,(347) 763-1975
Pizza Secret,72 5th Ave.,(929) 337-6245
L'Arte Della Pizza,172 5th Ave.,(718) 622-7200
V & M Pizzatown,85 5th Ave.,(718) 789-4040
Al Di La Trattoria,248 5th Ave.,(718) 783-4565
La Villa Pizzeria & Restaurant,261 5th Ave.,(718) 499-9888
Tutt Appost,289 5th Ave.,
Two Boots Brooklyn,304 2nd St.,(718) 499 3253
Terre BK,341 5th Ave.,(718) 788-2288
Joe’s Pizza,349 5th Ave.,(347) 725-4595
Peppinos,469 5th Ave.,(718) 768-7244
Joe’s Pizza,483 5th Ave.,(718) 369-2634
Princess Pizza,535 5th Ave.,(718) 788-9111
Domino’s,554 5th Ave.,(718) 972-3733
Lenny’s Pizza,594 5th Ave.,(718) 788-8928
,225 7th Ave,
,,
El Viejo Yayo Restaurant,36 5th Ave.,(718) 622-8922
BK9,62 5th Ave.,(718) 789-2176
Bogota Latin Bistro,141 5th Ave.,(718) 230-3806
Negril BK,256 5th Ave.,(347) 721-3801
El Viejo Yayo II Restaurant,317 9th St.,(718) 965-7299
Colombia in Park Slope,376 5th Ave.,(718) 369-2020
Stella's Carribean,559 5th Ave.,
Empanada Loca,606 5th Ave.,(718) 369 2118
Palo Santo,652 Union Street,(718) 636-6311
,,
Miriam Restaurant & Wine Bar,79 5th Ave.,(718) 622-2250
Tava Turkish Grill,318 5th Ave.,(718) 499 5600
Mashawi Grill NY,450 5th Ave.,
,,
Besito Restaurant & Bar,50 5th Ave.,(718) 230-1703
Nacho Macho,82 5th Ave.,(718) 622-8282
Miti Miti Modern Mexican,138 5th Ave.,(718) 230-3805
Maya Taqueria,168 5th Ave.,(718) 398-6292
Taqueria El Patron MExican Grill,191 5th Ave.,
Mezcal’s,223 5th Ave.,(718) 783-3276
Calexico,280 5th Ave.,(347) 254-7644
Chela Modern Mexican,408 5th Ave.,(718) 788-1137
Fatty Daddy Taco,310 9th St.,(718) 499-8226
Nuevo Mexico,489 5th Ave.,(718) 832-0050
La Fondita,557 5th Ave.,
El Nopal Restaurant & Juice Bar,631 5th Ave.,(718) 541-2732
,,
,,
Shaking Crab,230 5th Ave.,(929) 337-6140
Luke's Lobster,,
Fjord Fish Market,249 5th Ave.,
Bar Crudo Oyster Bar,412 5th Ave.,(718) 701-1894
Ocean Fish Market,413 5th Ave.,(718) 499-1454
,,
The V Spot,156 5th Ave.,(718) 622-2275
,,
,,
Key Food,120 5th Ave.,(718) 783-9053
O live Brooklyn,140 5th Ave.,(718) 783-1680
Fleisher’s Grass-Fed & Organic Meats,192 5th Ave.,(718) 298-MOOO
Associated Supermarket,216 5th Ave.,(718) 789-4499
Russo’s Mozzarella & Pasta Corp.,312 5th Ave.,(718) 369-2874
Down to Earth Farmer's Market Park Slope,326-344 5th Ave.,
Emporium Fresh Market,409 5th Ave.,
Food Town,409 5th Ave,
Park Beer Store,302 9th St.,(718) 369-1115
Steve’s C Town 9th Street Market,327 9th St.,(718) 965-9765
Awesome Organic Market,493 5th Ave.,(718) 788-3663
Prospect Market,595 5th Ave.,(718) 788-9100
Jubilat Provisions,608 5th Ave.,(718) 768-9676
Marketplace by Keyfoods,617 5th Ave.,(718) 499-7523
,,
Sip Fine Wine,67 5th Ave.,(718) 638-6105
Sterling Grapes and Grains,115 5th Ave.,(718) 789-9521
Brooklyn Wine Co.,205 5th Ave.,(718) 636-9463
Good Wine,327 5th Ave.,(718) 499-2392
Primetime Wines & Liquors,427 5th Ave.,(718) 788-8181
Zula Wines & Spirits,487 5th Ave,(718) 832-5101
Park Slope Wine & Liquor,539 5th Ave.,(718) 768-5402
Fresh Direct Wines and Liquors,620 5th Ave.,(718) 768-1521
,,
,,
Habit,137 5th Ave.,
Min-k Outlet,145 5th Ave.,
Bhoomki,158 5th Ave.,(718) 857-5345
Something Else,206 5th Ave.,(718) 230-0805
Gut NYC,217 5th Ave.,(347) 916-1076
Workshoppe,665 President St.,
St. Hrouda,227 5th Ave.,
Diana Kane,229b 5th Ave.,(718) 638-6520
Lykke,233 5th Ave.,(646) 820-3197
La Rosa Dancewear and Hosiery,272 5th Ave.,(718) 499-6721
Nazarela Bridal Design Studio,274 5th Ave.,(929) 397-0006
Square Stores:  Big Man Headquarters,426 5th Ave.,(718) 788-5135
La Belle Boutique on 5th,473 5th Ave.,(718) 230-0362
Zeconette Accessories,276 12th St.,
Azena Jewelry,500 5th Ave.,(718) 788-4900
Mandee,503 5th Ave.,
Bobby Sportswear,508 5th Ave.,(718) 768-9666
H & A Jewelry,526 5th Ave.,(718) 768-9666
,,
DNA Footwear,220 5th Ave.,(718) 789-2901
5th Avenue Shoe Repair,231 5th Ave.,(718) 636-6001
Premium Goods Sneakers & Sportswear,347B 5th Ave.,(718) 369-7477
Windsors World of Shoes,484 Fifth Avenue,(718) 369-3700
Angelo's Shoe Repair,268 14th St.,(347) 567-6600
Foot Locker,532 5th Ave.,(718) 840-00872
,,
I Fix Screens,129 5th Ave.,(929) 337-6052
Geek Shop,219 5th Ave.,(347) 725-3519
Verizon Wireless,315 9th St.,(718) 788-6400
T-Mobile,460 5th Ave.,(718) 788-4031
Boost Mobile,463A 5th Ave.,(347) 223-4042
Prospect Wireless,475 5th Ave.,(718) 788-7802
T Mobile,479 5th Ave.,(718) 404-1908
Metro PCS,481 5th Ave.,(718) 600-0856
Mobi Compu Repair,537 5th Ave.,(631) 933-2472
,,
Milan Optique,83 5th Ave.,(718) 636-4526
Park Optics,337 5th Ave.,(718) 788-8834
9th Street Optical,332 9th St.,(718) 965-2545
Park Slope Eye Care,334 9th St.,
Optical Illusion,490 5th Ave.,(718) 832-1100
Park Slope Family Eye Care,519 5th Ave.,(718) 768-1020
Park Slope Eye,682 Union St.,(718) 577-5196
Hamilton Plaza Vision Center,637 5th Ave.,(718) 499-4260
,,
Galaxy Comics & Collectibles,429 5th Ave.,(718) 499-3222
Game Stop,533 5th Ave.,
Fifth Avenue Records,439 5th Ave.,(718) 499-8483
,,
OM Gift Shop,152 5th Ave.,(718) 230-2030
Pink Olive,167 5th Ave.,(718) 398-2016
Gift Man/Chair Man,176 5th Ave.,(718) 499-0721
Annie’s Blue Ribbon General Store,232 5th Ave.,(718) 522-9848
Fama Party Center,268 14th St.,(718) 730-2800
Brooklyn Superhero Supply Store/826NYC,372 5th Ave.,(718) 499-9884
Not Just Chocolate,537 5th Ave.,
,,
Brooklyn Hardware,64 5th Ave.,(718) 783-0393
R&A Hardware,109 5th Ave.,(718) 622-0657
Leopoldi’s Hardware,415 5th Ave.,(718) 499-6563
5th Avenue Key Shop,295 9th St.,(800) Key-Shop
Sherwin Williams Paints,555 5th Ave.,(718) 369-0819
CNS Family  Hardware Inc.,584 5th Ave.,(718) 499-2323
Park Slope Hardware,593 5th Ave.,(718) 788-6683
,,
The Wood Shop,295 9th St.,
J & Y Upholstery Workroom,552 5th Ave.,(718) 499-8304
#1 Brooklyn Furniture and Appliance,564 5th Ave.,(718) 499-4524
Mattress Firm,,(718) 788-1723
Caesar’s Carpet Center,587 5th Ave.,(718) 768-6477
,,
Juliette's Floral Design,170 5th Ave.,
Zuzu’s Petals,374 5th Ave.,(718) 638-0918
Edible Arrangements,,
Jasmine’s Floral Designs,543 5th Ave.,(718) 965-0259
,,
Brooklyn Frameworks,142 5th Ave.,(718) 399-6613
Stained Glass Store,300 5th Ave.,(718) 768-7964
Prints Charming Inc,310 4th St.,(718) 230-8118
,,
Jonathan Blum Portraits,285 5th Ave.,(718) 499-0199
Ground Floor Gallery,343 5th St.,
,,
LuLu’s Cuts & Toys (kids),48 5th Ave.,(718) 832-3732
Lullaby Baby,488 5th Ave.,(718) 499-2742
Neergaard Toys,454 5th Ave. 2nd Fl.,(718) 768-0600
,,
Save on Fifth,421 5th Ave.,(718) 965-2040
D II,445 5th Ave.,(718) 788-9200
Amazin Savings 99¢,465 5th Ave.,718 369-4899
Amazing Variety Store,542 5th Ave.,
99¢ Plus & Gifts,570 5th Ave.,(718) 499-3560
,,
Life Boutique Thrift,66 5th Ave.,(718) 789-5433
Slope Vintage,71 5th Ave.,(718) 622-4723
Beacon’s Closet,92 5th Ave.,(718) 230-1630
Housing Works,266 5th Ave.,(718) 636-2271
Life Boutique Thrift,515 5th Ave.,(718) 788-5433
Time Galleries,562 5th Ave.,(718) 788-8300
,,
Your CBD Store,195 5th Ave.,(929) 295-0031
Simply Hemp,429 5th Ave.,
Please New York,557 5th Ave.,(718) 788-6969
Stay Sharp Brooklyn Studio/ Flirt BK,586 5th Ave.,(929) 367-8248
Torres Tattoos,635 5th Ave.,(718) 369-2421
,,
LuLu’s Cuts & Toys (kids),48 5th Ave.,(718) 832-3732
George’s II Professional Barber Shop,78 5th Ave.,(718) 636-0512
Badlands Barber & Salon,87 5th Ave.,(718) 636-1301
Meura Hair Salon,90 5th Ave.,(718) 623-5300
Bennys Barber Shop,143 5th Ave.,(718) 230-3281
Omni Beauty Salon,152 5th Ave.,(718) 789-8887
Rapunzel Rapunzel,158 5th Ave.,(718) 857-2855
Brooklyn Blends Barber Shop & Unisex,135 5th Ave.,(718) 783-8354
Imperial Barbershop,242 5th Ave.,(718) 240-5000
LS Barbershop,264 5th Ave.,(347) 515-8305
Lisa Lo Bue Salon,268 14th St.,(718) 832-1414
Wild & Grace Salon,309 5th Ave.,(347) 689-3827
Rachel Salon,313 5th Ave.,
Elegant Barber Shop,310 4th St.,(718) 758-6000
Blue Butterfly Salon,318 11th St.,(347) 683-7615
Mon Plaisir Hair Studio,322 5th Ave.,
Medusa Hair Salon,322 5th Ave.,
Fez Salon,355 5th Ave.,(718) 965-1714
Eve’s Unisex,371 5th Ave.,(718) 788-1795
Cowlick,348 6th St.,(917) 909-0402
Glamour Salon by Lana,383 5th Ave.,(347) 294-0694
Brooklyn Master Barber Shop,393 5th Ave.,(718) 840-2616
Creative Hair Spa,326 9th St.,(718) 788-8796
George’s Barber Shop,475 5th Ave.,(718) 499-2021
Judy Unisex,521 5th Ave.,(718) 832-0639
,,
Sunshine Chinese Bodywork,4 Park Place.,(718) 499-0326
Element Beauty Lounge,73 5th Ave.,(718) 398-2969
Q-Spa Nail Salon,91 5th Ave.,(718) 398-3088
Mom’s Beauty Nails,113 5th Ave.,(718) 398-8440
Polish Nail Spa,117 5th Ave.,(718) 399-0313
Renew and Relax Spa,142 5th Ave.,
D’mai Urban Spa,157 5th Ave.,(718) 398-2100
K Skincare,169 5th Ave.,(718) 622-0635
Blitz Facial Bar,184 5th Ave.,(718) 623-2000
One of Kind,219 5th Ave.,(718) 668-5295
Aesop Park Slope,225 5th Ave.,(203) 742-9156
Ocean Spa,234B 5th Ave.,(929) 337-8528
Shang Hai Spa,241 5th Ave.,(718) 788-8387
Reedchy Nail & Spa,274 5th Ave.,(718) 877-9009
CiCi Nail Inc.,285 9th St.,(917) 907-0205
H & C Chinese Bodywork,286 9th St.,(718) 499-0326
Pink Nail Spa,313 5th Ave.,
Body Work Foot Reflexology,325 7th St.,(718) 788 2898
5th and 5th Wellness,339 5th St.,(917) 379-3377
Il Giglio Nails and Spa,351 5th Ave.,(718) 708-3088
Red Moon Wellness,405 5th Ave. #2,(347) 699-8751
Bloomie Nail Salon,435 5th Ave.,(718) 788-2378
Nail on 5th,436 5th Ave.,(929) 295-0143
Blossom Brows,319 9th St.,(718)499-1122
Blossom Brows,467 5th Ave.,(718) 499-2233
Five Color Nail,485 5th Ave.,(718) 369-6922
Park Slope Laser Aesthetic Center,480 5th Ave.,(646) 868-3634
Vivi Nail Salon 2,463 5th Ave.,(718) 832-2885
Vivi Nail Salon,487 5th Ave.,(718) 832-2886
Shirly Nails,512 5th Ave.,(718) 965-3063
AAR Beauty & Health Center,514 5th Ave.,(718) 788-8866
Nice Nails Salon,537 5th Ave.,
Rawaj Eyebrow Threading,559 5th Ave,(347) 599-1266
,,
Fifth Ave Fitness,42 5th Ave.,(718) 789-8901
Area Sweat & Planted Park Slope,45 5th Ave.,(718) 230-7495
Body Tonic Pilates Gymnasium,150 5th Ave.,(718) 622-2755
Pure Barre,178 5th Ave.,(718) 623-3600
Harbor Health & Fitness,191 15th St.,(718) 965-6200
Way of Action Tae Kwon Do,316 7th Ave. #2,(718) 788-1968
Capoeira Brooklyn,316 7th St. #2,(646) 492-4221
NY Sports Club,324 9th St.,(718) 768-0880
Prospect Park YMCA,357 9th St.,(718) 768-7100
JukeBox NYC,491 5th Ave.,(718) 768-8755
Row House,499 5th Ave.,
United Tae Kwon Do,502 5th Ave.,(718) 788-5700
Park Slope Academy of Brazilian Jiu-Jitsu,518 5th Ave.,(718) 788-6990
Ameri-kick Karate Studio,529 5th Ave.,(718) 768-8200
Crunch,555 5th Ave. #2,(718) 707-9400
Japan Karate Association of Brooklyn,565 5th Ave.,(718) 768-9345
Align Brooklyn,579 5th Ave.,(347) 875-0714
,,
Prominis Medical Office,37 5th Ave.,(718) 802-1110
Bee Healthy,94 5th Ave.,(718) 399-9600
Gentle Dental Associates,217 5th Ave.,(718) 789-2400
Nurses in the Park Inc.,667 President St,(718) 832-0443
Park Slope Family Dentistry,245 5th Ave.,(718) 789-5700
Stand Up MRI,308 5th Ave.,(718) 768-7700
Nova Parkslope Medspa,326 7th St,(718) 965-6594
Park Slope Physician Associates,326 7th St,(718) 965-1234
Premier Dentistry,328 9th St.,(347) 889-6040
Full-Spectrum Touch Massage & Body Therapy,343 5th Ave,(718) 789-2315
Bitesize Pediatric Dentistry,377 5th Ave.,(917) 397-1341
NY Interventional Spine & Pain Medicine,405 5th Ave.,(718) 965-1234
CityMd,418-420 5th Ave.,(718) 965-2273
Dental 365,422 5th Ave.,(718) 832-1900
Tribeca Pediatrics,425 5th Ave.,(718) 568-9220
Dental Center of Park Slope,328 9th St.,(718) 788-3168
New York Hand Surgery,330 9th St.,(718) 369-4263
A-Z Dental,332 9th Street,(718) 832-1222
Medical Foot Surgical Care,338 9th St,(718) 788-2290
Noble Dental Care PC,340a 9th St.,(718) 965-1144
Dental Spa of New York,398 5th Ave.,(718) 717-1163
Lab Corp,456 5th Ave.,(718) 369-4507
South Slope Pediatrics,501 5th Ave.,(718) 576-2450
Rehab One Physical Therapy,503 5th Ave.,(718) 254-0101
Smiles 4 Life Orthodontics,503 5th Ave #2b.,(718) 403-0444
Diamond Braces,530 5th Ave.,
The Back Whisperer,579 5th Ave.,(718) 788-3940
Brook Medical & Dentist,580 5th Ave.,(718) 768-8400
Aqua Physical Therapy,581 5th Ave,(718) 965-0555
Park Slope Dental Associates,592 5th Ave.,(718) 788-3290
Pasha Dental,633 5th Ave.,(718) 499-6761
Novel Home Health Care Services NY,247 Prospect Ave #3.,(347) 763-1012
,,
Park Chemists,164 5th Ave.,(718) 393-5555
Slope Drugs & Surgical Supply,406 5th Ave.,(718) 788-8899
CVS,341 9th St.,(718) 499-3332
Neergaard Pharmacy,454 5th Ave.,(718) 768-0600
Walgreens,468 5th Ave.,(718) 499-7500
M B Drugs Pharmacy,222 15th St.,(718) 788-0768
Prospect Care Pharmacy,596 5th Ave.,(347) 725-4600
,,
Rob’s Stop ‘n Wash,54 5th Ave.,(718) 789-7024
Superior Suds,99 5th Ave.,
Economy Cleaners,123 5th Ave.,(718) 398-9001
Happy Cleaners,182 5th Ave.,(718) 789-8900
Laundromat,204 5th Ave.,(347) 227-8767
Yes Cleaners,231 5th Ave.,
Wishy Washy Laundromat,309 5th Ave.,(718) 832-8576
Yung Laundromat,394 5th Ave.,
Dun - Rite Cleaners,401 5th Ave.,(718) 499-0644
S & S Cleaners,369 9th St.,(718) 768-6121
Clean n Green Laundromat,504 5th Ave.,(347) 599-1627
Ez Clean Laundromat,565 5th Ave.,(718) 768-5371
Fifth Avenue French Dry Cleaners,622 5th Ave.,(718) 965-4021
,,
Lickers n Sniffers,41 5th Ave.,(347) 721-3807
NYC Pet,218 5th Ave.,(718) 230-8224
Pet Boutique & Supply,320 5th Ave.,(718) 832-7600
Paws in Paradise,410 5th Ave.,(718) 768-1888
Park Slope Veterinary Care,417 5th Ave.,(718) 788-0500
Pet Boutique & Supply,588 5th Ave.,(718) 499-5400
,,
,,
Graphicolor,121 5th Ave.,(718) 398-8745
Gowanus Printlab,302 5th Ave.,(718) 788-3930
,,
Business Sanity,108 Garfled Pl.,(718) 499-2831
Mail Boxes on 5th,172 5th Ave.,
Ardito & Ardito Law Offices,211 5th Ave.,(718) 399-1100
Leonard Colchamiro Architect,227 5th Ave.,(718) 638-5442
Philip A. Robinson Electrician,235 5th Ave.,(718) 783-6542
Ben Herzog Architect PC,247 Prospect Ave.,(347) 410-5860
Active Transport Services Inc.,285 5th Ave.,(718) 965-1300
Carbone Tax & Accounting,340 9th St.,(718) 768-1563
Law Offices of Michael Schaum,288 8th St.,(718) 499-4942
Allstate Insurance,336 9th St.,(718) 686 1200
H & R Block,326 9th St.,(718) 768-4933
Scott H Gallant and Associates Inc.,506 5th Ave.,(718) 789-2332
Revolution Driving School,261 13th St.,
H & R Block,566 5th Ave.,(718) 965-0186
Max. J. Pollack & Sons Insurance,682 Union St,(718) 624-1461
Lahage CPA,633 5th Ave. 2nd Fl,(718) 833-4304
,,
Douglas Elliman,43 55h Ave.,(347) 844-9162
B.A. Consultants,74 5th Ave.,(718) 789-8193
Douglas Elliman,190 5th Ave.,(212) 668-0001
Brown Harris Stevens,244 5th Ave.,
Royal Slope Realty,288 8th St.,(718) 768-7489
Kaito Management,291 5th Ave.,(718) 788-6500
Brenton Realty,329 5th Ave.,(718) 768-4566
Zealestate,347 5th Ave.,(646) 450-7047
,,
Gheith Donia,325 9th St.,(718) 768-8064
,,
New York Kids Club,125 5th Ave,(347) 706-4700
Eladia’s Kids,147 5th Ave.,(718) 622-3316
Sunflower Academy,238-240 5th Ave.,(718) 783-0738
Juguemos A Cantar,323 5th Ave.,(917) 453-1187
MS 51: William Alexander Middle School,350 5th Ave.,(718) 499-4948
Giocare Play School,552 5th Ave.,(347) 827-1372
Brooklyn Apple Academy,545 5th Ave.,(917) 533-5977
Park Slope Schoolhouse,556 5th Ave.,(718) 768-4873
,,
Imani House,76A 5th Ave.,(718) 638-2059
NY Kids Club,125 5th Ave.,(718) 857-0700
Tutu School Park Slope,235 5th Ave.,(917) 933-8007
Figtree Program,688 Union St.,(917) 523-4685
Mathnasium,361 5th Ave.,(718) 369-6284
My Gym Park Slope,367 5th Ave.,(718) 788-2200
826NYC,372 5th Ave.,(718) 499-9884
Kumon,434 5th Ave #2,(347) 382-8084
Brooklyn Robot Foundry,586 5th Ave.,(347) 762-6840
Good Day Play Cafe,591 5th Ave.,(347) 294-4334
,,
Casetta Ida,217 5th Ave.,(347) 407-1564
Make It Studio,,(917) 929 4555
Private Picassos,237 5th Ave.,(718) 215-0589
Puppetry Arts,339 2nd St.,(718) 768-3703
The Brooklyn Music Studio,318 5th Ave.,(347) 560-4014
Piper Theatre,336 5th Ave.,(718) 768-3195
Pinot's Palette,382 5th Ave.,(929) 337-8528
Writopia BK,391 5th Ave.,(718) 285-9638
Brooklyn Arts Exchange,421 5th Ave.,(718) 832-0018
Park Slope Music School,436 5th Ave.,(718) 369-3260
Slope Music,271 9th St.,(718) 768-3804
New York Guitar Academy,506 5th Ave.,(646) 703-0007
,,
The Grand Prospect Hall,263 Prospect Ave.,(718) 788-0777
Events at Stone Park,357 3rd St.,(718) 369-0082
Slope Space,390 5th Ave.,(201) 575-9400
Bingo Park Slope,416 5th Ave.,(718) 788-1691
,,
Chase,159 5th Ave.,(718) 857-0391
Dime Community Bank,208 5th Ave.,(718) 729 6070
TD Bank,269 5th Ave.,(718) 499-2913
Citibank,424 5th Ave.,(718) 756-4639
Chase,444 5th Ave.,(718) 768-6581
HSBC,325 9th St.,(800) 975-4722
Sterling Bank,459 5th Ave.,(718) 965-7500
Kearny Bank,478 5th Ave.,
Capital One Bank,516 5th Ave.,(718) 369-8798
Chase,533 5th Ave.,(718) 965-7499
Bank of America,534 5th Ave.,(718) 788-1367
La Nacional Money Orders,561 5th Ave.,(718) 832-5656
Pay O Matic Western Union Money Center,582 5th Ave.,(718) 965-9708
,,
Park Slope Kitchen Gallery,233 Prospect Ave.,(718) 832-0002
Steve Belsito’s Sons inc.,395 5th Ave.,(718) 768-5246
Park Slope Plumbing Supply Kitchen  & Bath Showroom,601 5th Ave.,(718) 832-0400
,,
R & A Cycles,105 5th Ave.,(718) 636-5242
M & C E Bikes,119 5th Ave.,
Bicycle Habitat,476 5th Ave.,(718) 788-2543
,,
Park Slope Christian Academy,98 5th Ave.,(718) 636-9363
Iglesia Pentecostal Jesus Christos,175 5th Ave.,(718) 965-2923
Johnny’s Universal Botanica & Mystical Shop,376 5th Ave.,(718) 832-3606
,,
Red Hook on the Road,151 5th Ave.,(718) 237-4846
Greenspace@President Street,222 5th Ave.,
Old Stone House & Washington Park,326-344 5th Ave.,(718) 768-3195
American Legion,389 5th Ave.,(347) 484-7351
Center For Anti-Violence Education,402 5th Ave.,(718) 788-1775
Interference Archive,314 7th St.,
Van Brunt Post Office,275 9th St.,(718) 768-1284
District Office of Council Member Brad Lander,456 5th Ave.,(718) 499-1090
American Cancer Society Brooklyn,503 5th Ave. Suite A,(718) 237-7850
Good Shephard Services,503 5th Ave #2b.,(718) 965-3313
,,
Arecibo Car and Limo Service,171 5th Ave.,(718) 783-6465
Eastern Car Service,224 15th St.,(718) 499-6227